time,rpm
0.0,500.0
0.025252525252525252,500.0
0.050505050505050504,500.0
0.07575757575757576,500.0
0.10101010101010101,500.0
0.12626262626262627,500.0
0.15151515151515152,500.0
0.17676767676767677,500.0
0.20202020202020202,500.0
0.22727272727272727,500.0
0.25252525252525254,500.0
0.2777777777777778,500.0
0.30303030303030304,500.0
0.3282828282828283,500.0
0.35353535353535354,500.0
0.3787878787878788,500.0
0.40404040404040403,500.0
0.4292929292929293,500.0
0.45454545454545453,500.0
0.4797979797979798,500.0
0.5050505050505051,500.0
0.5303030303030303,500.0
0.5555555555555556,500.0
0.5808080808080808,500.0
0.6060606060606061,500.0
0.6313131313131313,500.0
0.6565656565656566,500.0
0.6818181818181818,500.0
0.7070707070707071,500.0
0.7323232323232323,500.0
0.7575757575757576,500.0
0.7828282828282828,500.0
0.8080808080808081,500.0
0.8333333333333334,500.0
0.8585858585858586,500.0
0.8838383838383839,500.0
0.9090909090909091,500.0
0.9343434343434344,500.0
0.9595959595959596,500.0
0.9848484848484849,500.0
1.0101010101010102,504.04040404040404
1.0353535353535352,514.1414141414141
1.0606060606060606,524.2424242424242
1.0858585858585859,534.3434343434343
1.1111111111111112,544.4444444444445
1.1363636363636362,554.5454545454545
1.1616161616161615,564.6464646464647
1.1868686868686869,574.7474747474747
1.2121212121212122,584.8484848484849
1.2373737373737375,594.9494949494949
1.2626262626262625,631.5656565656564
1.2878787878787878,694.6969696969696
1.3131313131313131,757.8282828282829
1.3383838383838385,820.9595959595962
1.3636363636363635,884.0909090909089
1.3888888888888888,947.2222222222222
1.4141414141414141,1010.3535353535354
1.4393939393939394,1073.4848484848487
1.4646464646464645,1202.1846370683575
1.4898989898989898,1378.3650458069062
1.5151515151515151,1554.5454545454547
1.5404040404040404,1730.7258632840035
1.5656565656565655,1906.9062720225506
1.5909090909090908,2083.086680761099
1.6161616161616161,2259.267089499648
1.6414141414141414,2435.447498238196
1.6666666666666667,2611.627906976745
1.6919191919191918,2787.8083157152923
1.7171717171717171,2963.988724453841
1.7424242424242424,3140.1691331923894
1.7676767676767677,3316.3495419309384
1.7929292929292928,3492.5299506694855
1.8181818181818181,3668.710359408034
1.8434343434343434,3844.8907681465826
1.8686868686868687,4021.071176885131
1.8939393939393938,4082.0136852394917
1.9191919191919191,4049.429781687846
1.9444444444444444,4016.8458781362006
1.9696969696969697,3984.261974584555
1.9949494949494948,3951.67807103291
2.0202020202020203,3919.094167481264
2.0454545454545454,3886.5102639296188
2.0707070707070705,3853.9263603779737
2.095959595959596,3821.3424568263276
2.121212121212121,3788.7585532746825
2.1464646464646466,3756.1746497230365
2.1717171717171717,3723.5907461713914
2.196969696969697,3691.006842619746
2.2222222222222223,3658.4229390681003
2.2474747474747474,3625.8390355164547
2.2727272727272725,3593.2551319648096
2.297979797979798,3560.6712284131636
2.323232323232323,3528.0873248615185
2.3484848484848486,3495.5034213098725
2.3737373737373737,3462.9195177582274
2.398989898989899,3430.3356142065822
2.4242424242424243,3397.7517106549362
2.4494949494949494,3365.167807103291
2.474747474747475,3332.5839035516456
2.5,3300.0
